Timestamp,Stripping Gas,Pressure,Dry Glycol,Glycol Flow,Temperature
1/27/2021 21:00,79.02375793,32,0.41,1.776265502,199.9524994
1/28/2021 9:00,78.15099335,32,0.39,1.770314217,199.7124939
1/28/2021 21:00,87.57213593,33,0.37,1.769999981,199.6839905
1/29/2021 9:00,87.90300751,33,0.37,1.769999981,199.8849945
1/29/2021 21:00,86.93100739,31.056036,0.33,1.774609208,199.8536682
1/30/2021 9:00,88.05982208,33,0.41,1.779628038,199.8036041
1/31/2021 9:00,87.54044342,33,0.27,1.779999971,199.6062469
1/31/2021 21:00,86.41388702,32.0004158,0.39,1.779999971,199.8829346
2/1/2021 9:00,87.52352905,32.99753571,0.28,1.658881307,200.1846161
2/1/2021 21:00,86.06550598,33,0.38,1.746441126,200.0753632
2/2/2021 9:00,87.79967499,33,0.34,1.779999971,200.4261017
2/2/2021 21:00,85.9800415,33,0.34,1.779999971,200.420639
2/3/2021 9:00,87.5749588,33,0.36,1.780523658,200.3200684
2/3/2021 21:00,86.28966522,33,0.38,1.790954709,199.7336273
2/4/2021 21:00,84.96717072,31,0.4,1.414516091,198.8103638
2/5/2021 9:00,84.42559814,30.62056923,0.43,1.779999971,199.5945892
2/5/2021 21:00,84.80271912,30.43037796,0.35,1.779999971,199.244339
2/6/2021 9:00,84.64351654,31,0.42,1.775316238,199.4948578
2/6/2021 21:00,84.58448792,32,0.35,1.770281911,200.0751953
2/7/2021 9:00,82.15277863,32,0.9,1.769999981,199.8245239
2/7/2021 21:00,84.35215759,33,0.53,1.769999981,199.3069
2/8/2021 9:00,84.06535339,33,0.36,1.769999981,199.3000031
2/8/2021 21:00,84.4443512,32.80450058,0.37,1.769999981,198.1823578
2/9/2021 9:00,84.048172,30.51625061,0.34,1.769999981,199.7329102
2/9/2021 21:00,84.83343506,31.06829071,0.37,1.772885561,199.6395721
2/10/2021 9:00,85.88925171,30.40404892,0.37,1.778129458,199.7618866
2/10/2021 21:00,88.20285034,33.63627625,1.33,1.773095369,199.3437347
2/11/2021 9:00,88.55659485,31.30846405,0.43,1.77811861,199.3044281
2/11/2021 21:00,87.97344971,33,0.62,1.779999971,199.4047089
2/12/2021 9:00,88.86795044,33,0.34,1.779999971,199.5
2/12/2021 21:00,87.78679657,31,0.55,1.776854396,199.5
2/13/2021 9:00,88.5428009,33.1597023,0.36,1.771829844,199.4971313
2/13/2021 21:00,87.99118042,30.96358871,0.94,1.760325074,199.447052
2/14/2021 9:00,87.69212341,30.06072998,0.29,1.76534903,199.3969727
2/14/2021 21:00,87.94410706,31,0.33,1.769999981,199.3467712
2/15/2021 9:00,87.28470612,31.63674545,0.31,1.769999981,199.2897186
2/15/2021 21:00,87.20954895,32,0.39,1.769999981,199.1394043
2/16/2021 9:00,87.67418671,32,0.37,1.769999981,199.0397034
2/16/2021 21:00,87.26204681,32.68234634,0.35,1.772512913,199.4504395
2/17/2021 9:00,87.66320801,32.68398285,0.38,1.777525425,199.5510712
2/17/2021 21:00,87.44232178,33,0.34,1.779999971,199.0723877
2/18/2021 9:00,86.25408936,33.05932236,0.46,1.779999971,199.1568909
2/18/2021 21:00,87.14122009,31.90103531,0.43,1.778077245,199.6735077
2/19/2021 9:00,87.26535034,31,0.45,1.773043275,200.2907104
2/19/2021 21:00,86.98851776,30.54757309,0.34,1.704506993,199.7589111
2/20/2021 9:00,86.37239075,31.8278904,0.35,1.779999971,198.2353363
2/20/2021 21:00,86.66576385,33,0.39,1.779999495,199.4468689
2/21/2021 9:00,87.33016968,31.83159447,0.3,1.770394087,199.5
2/21/2021 21:00,87.24829102,31.95931816,0.34,1.769999981,199.5721741
2/22/2021 9:00,87.11820221,30.94499588,0.33,1.769999981,199.2210846
2/22/2021 21:00,86.3994751,26.50982094,0.34,1.769999981,199.2470551
2/23/2021 9:00,70.94675446,28.01728439,0.3,1.769999981,199.2971344
2/23/2021 21:00,88.03421021,31.76625061,0.35,1.769999981,199.6000061
2/24/2021 9:00,87.85289001,30,0.26,1.769999981,199.6000061
2/24/2021 21:00,87.88014984,33,0.35,1.769999981,199.4893341
2/25/2021 9:00,87.51686859,33,0.38,1.769999981,199.2884979
2/25/2021 21:00,87.83842468,32.86486816,0.31,1.774883628,199.1999969
2/26/2021 9:00,88.11416626,32.90999222,0.43,1.779962897,199.203125
2/26/2021 21:00,86.9861145,32.41592789,0.42,1.779999971,199.4021606
2/27/2021 9:00,87.24456024,30.45450592,0.33,1.779999971,199.5980835
2/27/2021 21:00,86.91513824,33,0.18,1.779999971,199.5491028
2/28/2021 9:00,87.46742249,33.74205017,0.16,1.779999971,199.5013885
2/28/2021 21:00,86.64514923,33,0.47,1.779999971,199.5514374
3/1/2021 9:00,86.81572723,32.64542389,0.36,1.779999971,199.634201
3/1/2021 21:00,86.85639191,33,0.37,1.779999971,199.8452911
3/2/2021 9:00,87.75548553,33.99430084,0.61,1.779999971,199.9458466
3/2/2021 21:00,86.67440796,33.29181671,0.42,1.779999971,200
3/3/2021 9:00,87.02967072,33,0.32,1.779999971,200
3/3/2021 21:00,85.9885025,34,0.54,1.779999971,199.8340149
3/4/2021 9:00,85.92060852,34,0.38,1.779999971,199.4827881
3/4/2021 21:00,86.15206146,34,0.45,1.780273914,199.1615753
3/5/2021 9:00,56.62801361,27.98575783,0.4,1.785287023,198.6868439
3/5/2021 21:00,81.59957886,33.09566116,0.47,1.789999962,199.5025024
3/6/2021 9:00,80.93902588,32.96666718,0.45,1.789999962,199.3015289
3/6/2021 21:00,80.94128418,33.66460037,0.54,1.789321661,198.9368591
3/7/2021 9:00,80.37408447,33,0.43,1.779999971,199.1849976
3/7/2021 21:00,79.60810852,33,0.42,1.779999971,199.3901215
3/8/2021 9:00,80.90634155,31,0.37,1.779999971,200.0852814
3/8/2021 21:00,80.78731537,33,0.34,1.783326149,200.1663361
3/9/2021 9:00,81.92983246,32.19551468,0.38,1.788355589,200.2666321
3/9/2021 21:00,80.46327209,33,0.44,1.725362301,199.1775665
3/10/2021 9:00,80.38557434,32,0.49,1.745488763,199.8337555
3/10/2021 21:00,80.35196686,31.86288452,0.38,1.765569329,199.8044739
3/11/2021 9:00,80.79940033,31.02681541,0.29,1.779999971,199.993103
3/11/2021 21:00,80.97793579,31,0.36,1.779999971,199.7430725
3/12/2021 9:00,80.93837738,31,0.36,1.779999971,199.5240021
3/12/2021 21:00,81.11797333,32,0.34,1.779999971,199.6666107
3/13/2021 9:00,80.49985504,32.22737122,0.35,1.779999971,199.3663635
3/13/2021 21:00,80.51901245,32.99908066,0.34,1.782571316,199.0739746
3/25/2021 9:00,142.5431671,21,0.19,1.789556026,199.0248413
3/25/2021 21:00,141.4767303,21.06949234,0.11,1.779510856,199.6910095
3/26/2021 9:00,142.3803253,21.70218277,0.15,1.769999981,199.5407867
3/26/2021 21:00,141.2400513,24.54399109,0.15,1.769999981,199.6098785
3/27/2021 21:00,17.49423409,17,0.24,1.769999981,197.6356049
3/28/2021 9:00,138.2785034,27.95171547,0.15,1.769999981,199.7345428
3/28/2021 21:00,137.4426727,27,0.27,1.769999981,199.5949402
3/29/2021 9:00,137.4354248,26.99665833,0.21,1.769999981,199.2875061
3/29/2021 21:00,137.6623077,27,0.27,1.769999981,199.5325317
3/30/2021 9:00,137.3058472,26.08333397,0.28,1.769999981,198.828476
3/30/2021 21:00,136.7262115,33.38999939,0.23,1.769999981,199.7509003
3/31/2021 9:00,133.9130249,27.04999924,0.22,1.769999981,198.9328308
3/31/2021 21:00,134.6744995,27.31666756,0.28,1.769999981,199.2891235
4/1/2021 9:00,134.7851715,27,0.26,1.769999981,198.8864899
4/1/2021 21:00,133.8172607,27.57880211,0.36,1.769999981,200.0162506
4/2/2021 9:00,135.8227234,27.46666718,0.32,1.766638875,199.1929474
4/2/2021 21:00,136.5715332,27.86666679,0.2,1.769999981,199.6794128
4/3/2021 9:00,136.8254852,30.66555595,0.16,1.769999981,199.834137
4/3/2021 21:00,136.8896332,27.48430634,0.36,1.769999981,199.544693
4/4/2021 9:00,136.5368347,27.96666718,0.19,1.769999981,199.2935181
4/4/2021 21:00,136.8048859,27.6074028,0.24,1.769999981,199.86763
4/5/2021 9:00,137.3643646,27.67416573,0.19,1.769999981,200.2351379
4/5/2021 21:00,136.9734039,27.83333397,0.17,1.769999981,199.7956085
4/6/2021 9:00,137.2093658,28.61678505,0.22,1.769999981,200.0315552
4/6/2021 21:00,136.9413605,28.26510239,0.27,1.769999981,199.7170105
4/7/2021 9:00,135.53862,28.04999924,0.28,1.769999981,200.09021
4/7/2021 21:00,136.2026825,28.68333244,0.18,1.769999981,199.8300018
4/8/2021 9:00,136.6172485,28.93333244,0.27,1.769999981,199.8552094
4/8/2021 21:00,136.636322,29.29999924,0.53,1.767693043,199.565506
4/9/2021 9:00,137.0009003,29.11101913,0.2,1.769999981,200.4463043
4/9/2021 21:00,136.7622986,28.08356476,0.22,1.769999981,199.9934692
4/10/2021 9:00,135.8952637,30.5,0.17,1.769999981,200.3740082
4/10/2021 21:00,135.4032288,28.89999962,0.33,1.769999981,199.9014893
4/11/2021 9:00,135.2624664,34.77777863,0.4,1.769999981,199.6997681
4/11/2021 21:00,133.5256805,41.90898895,0.35,1.769999981,199.6746521
4/12/2021 9:00,134.9247589,32.23875046,0.58,1.769999981,198.4337616
4/12/2021 21:00,135.2415924,28.29994202,0.6,1.769999981,199.0353546
4/13/2021 9:00,135.2531281,29.37361145,0.44,1.769999981,198.8283844
4/13/2021 21:00,135.3191376,28.63333321,0.35,1.769999981,199.7914886
4/14/2021 9:00,136.0135651,28.0796299,0.54,1.769999981,200.8815918
4/14/2021 21:00,135.1608734,27.46366692,0.3,1.769999981,200.3858032
4/15/2021 9:00,135.358551,27.76444435,0.58,1.769999981,200.2429962
4/15/2021 21:00,134.9290771,29,0.26,1.769999981,199.9450836
4/16/2021 9:00,135.0173187,29.08333397,0.63,1.768648863,199.6167145
4/16/2021 21:00,134.4931641,29,0.33,1.769999981,199.9991455
4/17/2021 9:00,134.2281494,29.99999809,0.49,1.769999981,199.9677734
4/17/2021 21:00,133.8076477,29.23016357,0.24,1.769999981,199.9320374
4/18/2021 9:00,134.3874207,29.03333282,0.32,1.769638896,200.4339294
4/18/2021 21:00,134.256958,35.47083282,0.32,1.769999981,199.7476654
4/19/2021 9:00,134.3780518,28.96666718,0.35,1.767390609,199.1091919
4/19/2021 21:00,134.718811,28.9858551,0.38,1.769999981,199.451355
4/20/2021 9:00,133.9412384,29.78164673,0.43,1.75999999,198.2717438
4/20/2021 21:00,134.0644989,29.03333282,0.37,1.75999999,198.9264832
4/21/2021 9:00,133.8432922,28.95013809,0.49,1.75999999,195.2229614
4/21/2021 21:00,133.680542,29.21305466,0.53,1.75999999,202.3497314
4/22/2021 9:00,133.736557,27.98333359,0.43,1.75999999,200.5470581
4/22/2021 21:00,133.9649658,28.43694496,0.23,1.75999999,200.7125549
4/23/2021 9:00,133.6770935,28.97522736,0.29,1.75999999,199.7843018
4/23/2021 21:00,134.169632,27.83333397,0.35,1.75999999,200.1590118
4/24/2021 9:00,133.5445862,29.63266373,0.48,1.75999999,200.2599182
4/24/2021 21:00,11.79401398,18.92027855,0.63,1.768365264,199.7174683
4/25/2021 9:00,133.8541412,37.05722046,0.81,1.764315605,200.4775238
4/25/2021 21:00,13.62042141,15.98333359,0.86,1.762969375,200.0505981
4/26/2021 9:00,57.42596817,31.39166641,1.57,1.75999999,199.3584747
4/26/2021 21:00,134.1950684,29.85000038,0.46,1.75999999,199.449585
4/27/2021 9:00,133.618576,30.06666756,0.41,1.75999999,198.7887268
4/27/2021 21:00,134.0460968,29.18333244,0.26,1.75999999,198.4295197
4/28/2021 9:00,133.76091,29.37513924,0.2,1.764667749,199.7202148
4/28/2021 21:00,133.2881317,30,0.49,1.762746453,198.9828339
4/29/2021 9:00,134.1667023,29.34166718,0.4,1.765299559,199.4606628
4/29/2021 21:00,133.5726776,29.80926895,0.26,1.768003106,199.3149261
4/30/2021 9:00,132.1748047,29.40008354,0.22,1.760183334,199.6066132
4/30/2021 21:00,130.1823425,41.07316589,0.25,1.760825038,199.1357727
5/1/2021 21:00,131.343338,28.28125,0.25,0,200.0337982
5/2/2021 9:00,132.3918457,22.98333359,0.18,1.77400279,191.3522186
5/2/2021 21:00,135.8750763,26,0.12,1.76588881,199.3535767
5/3/2021 9:00,136.440979,27.04999924,0.16,1.768188477,200.5413208
5/3/2021 21:00,135.8210754,28.51874924,0.27,1.769999981,200.0961456
5/4/2021 9:00,135.7230072,24.11666679,0.21,1.769159675,200.2749939
5/4/2021 21:00,135.2954254,28.75208282,0.29,1.769159675,200.1846161
5/5/2021 9:00,135.394989,23.91666603,0.39,1.769373536,199.8999634
5/5/2021 21:00,135.0990448,28.81447792,0.2,1.779999495,200.0301208
5/6/2021 9:00,134.9900055,27.00208282,0.71,1.769159675,199.8173065
5/6/2021 21:00,135.0149231,28.35000038,0.13,1.768627763,199.3487701
5/7/2021 9:00,135.0856018,27.48333359,0.56,1.75999999,199.4343719
5/7/2021 21:00,135.3502197,24.93541718,0.16,1.763769388,199.7934113
5/8/2021 9:00,134.9902344,26.03333282,0.37,1.75999999,199.771286
5/11/2021 9:00,134.6790924,28.14085388,0.11,1.75999999,199.9524689
5/11/2021 21:00,134.5151062,29.12579155,0.23,1.779908299,199.6358795
5/12/2021 9:00,134.4937439,29,0.19,1.77218473,199.34198
5/12/2021 21:00,133.5668182,47.81666565,0.8,3.481171131,199.2458496
5/13/2021 9:00,133.5621948,35.90916824,0.63,3.502054811,199.2427521
5/13/2021 21:00,134.307663,28.85763931,0.7,1.850000024,199.9095001
5/14/2021 9:00,131.3266296,27.91666603,0.25,1.850000024,200.0501709
5/14/2021 21:00,131.4442902,28.76666641,0.34,1.849205613,200.1501312
5/15/2021 9:00,130.92453,29.09083366,0.63,1.843969464,199.9848785
5/15/2021 21:00,130.7012177,33.62083435,0.68,1.846414447,199.6940002
5/16/2021 9:00,130.3672638,30.33333397,0.68,1.818076372,199.6623535
5/18/2021 21:00,130.6361389,28.25097275,0.27,1.854459286,199.3163147
5/19/2021 9:00,130.7080383,25.79111099,0.19,1.847350121,199.3116302
5/19/2021 21:00,130.6399994,29,0.35,1.842658758,199.5021973
5/20/2021 9:00,130.4820099,30,0.25,1.84645164,199.4807892
5/20/2021 21:00,130.5512238,30.93823242,0.45,1.845026374,199.7197571
5/21/2021 9:00,130.5611725,30.10000038,0.35,1.843835711,199.7542419
5/21/2021 21:00,130.3867645,31.98333359,0.49,1.845448613,199.5286255
5/22/2021 9:00,130.2852783,32.04999924,0.45,1.870000005,199.5288239
5/22/2021 21:00,130.5349884,32,0.2,1.870000005,199.4527435
5/23/2021 9:00,130.6076965,32,0.28,1.870000005,199.2557678
5/23/2021 21:00,130.2718353,32.21030426,0.47,1.870000005,199.3584747
5/24/2021 9:00,130.1796875,32.62291718,0.41,1.870000005,198.8048706
5/24/2021 21:00,130.1600952,32.41016388,0.29,1.870000005,199.4666901
5/25/2021 9:00,129.7080231,32.13333511,0.48,1.870000005,200.0827179
5/25/2021 21:00,129.4749908,31.92305565,0.34,1.870000005,203.1806641
5/26/2021 9:00,130.4756775,31.28347206,0.22,1.769999981,200.03125
5/26/2021 21:00,130.6680908,31.10000038,0.23,1.770428061,199.8504639
5/27/2021 9:00,130.6701813,27.73321915,0.27,1.769999981,196.9120026
5/27/2021 21:00,130.8930359,29.99986076,0.3,1.870000005,202.4815826
5/28/2021 9:00,130.8935547,30.11666679,0.51,1.870000005,199.777832
5/28/2021 21:00,130.6702576,30.89999962,0.33,1.870000005,199.5850525
5/29/2021 21:00,130.4631805,30.69166756,0.43,1.870000005,199.7886963
5/30/2021 9:00,130.2193146,30.76666641,0.4,1.870000005,199.5306396
5/30/2021 21:00,130.39151,30.98333359,0.4,1.870000005,199.4541016
5/31/2021 9:00,130.0941315,30.76666641,0.42,1.870000005,198.5771637
5/31/2021 21:00,129.8678284,28.07388878,0.38,1.870000005,197.0717468
6/1/2021 9:00,129.6995239,29.88333321,0.57,1.870000005,199.2946777
6/1/2021 21:00,129.7525482,28.25428009,0.55,1.870000005,199.8057556
6/2/2021 9:00,129.1373138,31.13333321,0.69,1.870000005,200.0158539
6/2/2021 21:00,129.8395538,32,0.23,1.870000005,198.8569031
6/3/2021 9:00,129.1405945,31.52972221,0.61,1.776642323,198.6562805
6/3/2021 21:00,129.3120575,31.92972183,0.35,1.867677808,198.6615295
6/4/2021 9:00,129.499054,31.61680603,0.62,1.870000005,197.0872192
6/4/2021 21:00,129.5268097,31.06733513,0.56,1.769999981,198.7630157
6/5/2021 9:00,129.4557037,30.78266525,0.71,1.77160418,200.4237366
6/5/2021 21:00,129.7121429,30.61366653,0.33,1.769999981,200.4475861
6/6/2021 9:00,129.7963104,30.89699936,0.88,1.769999981,200.187149
6/6/2021 21:00,102.9277344,41.56805038,0.29,1.769999981,199.9415894
6/7/2021 9:00,129.6488037,30.08033371,0.65,1.767473221,199.9037323
6/7/2021 21:00,128.8924561,34.12333298,0.23,1.769999981,200.142395
6/8/2021 9:00,129.2729492,32.05133438,0.24,1.769999981,200.0092163
6/8/2021 21:00,130.4289703,30.31505585,0.3,1.769999981,199.8863373
6/9/2021 9:00,129.9259338,32.25299835,0.44,1.769511104,199.8327484
6/9/2021 21:00,129.0458069,35.07666779,0.6,1.75999999,199.7645569
6/10/2021 9:00,129.1243134,29.33333397,0.28,1.762444377,201.085434
6/10/2021 21:00,129.4970856,29.46380615,0.54,1.769999981,200.9813843
6/11/2021 9:00,129.4599457,29,0.69,1.769999981,201.3733368
6/11/2021 21:00,130.0824432,30.10000038,0.43,1.763221383,200.4295349
6/12/2021 9:00,129.9502258,30.14999962,0.62,1.769999981,200.0354767
6/12/2021 21:00,129.9677277,30.33333397,0.22,1.769999981,200.0561066
6/13/2021 9:00,129.6925354,30.72800064,0.34,1.768937469,199.6622162
6/13/2021 21:00,129.6998901,30.43300056,0.47,1.769999981,199.8761139
6/14/2021 9:00,129.6026306,31.51597214,0.42,1.764823318,199.7027435
6/14/2021 21:00,129.3709717,30.26680565,0.34,3.651752472,200.622879
6/15/2021 9:00,129.8496094,29.96666718,0.33,1.75999999,199.9203949
6/15/2021 21:00,129.0769501,44.4852829,0.46,3.649999976,200.3455505
6/16/2021 9:00,129.2667542,38.48277664,0.49,3.648334742,199.4241486
6/16/2021 21:00,129.3833466,23.28388977,0.42,3.642338872,199.5714264
6/17/2021 9:00,129.6373444,26.58249855,0.38,3.642156482,199.5523376
6/17/2021 21:00,129.2414246,37.34448242,0.46,3.642506957,199.1761322
6/18/2021 9:00,129.1546783,38.38333511,0.45,1.870000005,200.1765289
6/18/2021 21:00,130.0946503,29.55448151,0.25,1.75999999,193.6960297
6/19/2021 9:00,129.5690613,29.86607361,0.35,1.76510036,199.4644012
6/19/2021 21:00,129.7654419,41.0027771,0.19,1.779999971,199.3345642
6/20/2021 9:00,129.7777252,29.80329704,0.38,3.42965138,199.8627014
6/20/2021 21:00,129.7893372,29.93333244,0.4,3.423534513,198.7965088
6/21/2021 8:30,,,0.39,0,
6/21/2021 21:00,130.4833679,30.28333282,0.88,3.588261962,199.4354858
6/22/2021 9:00,130.3943329,29.97805595,0.47,3.322850704,200.0671539
6/22/2021 21:00,130.2379761,30.38889122,0.52,2.520323992,199.8776093
6/23/2021 9:00,130.703186,34.65097046,0.32,1.830000043,199.7850952
6/23/2021 21:00,130.831192,31.98333359,0.3,1.830000043,199.7210236
6/24/2021 9:00,130.4768524,32.29444122,0.31,1.830000043,200.0559845
6/24/2021 21:00,130.9086151,31.43361282,0.88,3.401180387,199.917984
6/25/2021 9:00,130.7404175,33.85013962,0.4,3.279694081,200.2714081
6/25/2021 21:00,11.22031116,19.48333359,0.66,3.572866321,200.1107635
6/26/2021 9:00,125.0841751,39.79999924,0.47,3.596912503,199.7334747
6/26/2021 21:00,133.0414124,43.82694626,0.65,3.589684129,200.1122437
6/27/2021 9:00,132.2516022,44.54611206,0.52,3.576786398,200.3104401
6/27/2021 21:00,11.1500349,34.7401886,0.55,3.501892686,201.1175537
6/28/2021 9:00,133.6509705,27.98314667,0.61,3.541332722,200.1576538
6/29/2021 9:00,134.0708313,26.89500046,0.15,3.381011963,198.9602966
6/29/2021 21:00,133.9972839,31.70000076,0.45,3.444162011,199.7707825
6/30/2021 9:00,8.010820389,19,0.63,3.611792803,200.1855621
6/30/2021 21:00,133.9410858,29.73435402,0.44,3.607127666,200.0183411
7/1/2021 9:00,130.8838196,43.07838058,0.86,3.518855572,199.5220337
7/1/2021 21:00,131.0008087,45.39884186,0.64,3.617233753,199.8149414
7/2/2021 9:00,131.3650665,46.46268845,0.61,3.611578822,199.1400909
7/2/2021 21:00,132.8503265,35.59435272,0.83,3.505619645,199.1961365
7/3/2021 9:00,54.88077164,35.85208511,0.93,3.214020372,198.6123352
7/3/2021 21:00,82.60569,30.91472244,1.22,3.584708214,200.5061493
7/4/2021 9:00,78.25188446,27.16680527,0.96,1.779922843,200.8421173
7/4/2021 21:00,78.41457367,19.21666718,0.87,3.579868793,199.4050446
7/5/2021 9:00,78.61186218,19,0.79,3.575819373,199.4107361
7/5/2021 21:00,78.50858307,20,0.53,3.597050429,199.7166595
7/6/2021 9:00,78.74595642,20,0.96,3.543259859,199.729538
7/6/2021 21:00,78.35983276,30.17555618,0.53,3.543492794,199.6437073
7/7/2021 9:00,78.11618042,27.98666573,0.53,3.540419698,199.2346497
7/7/2021 21:00,79.31910706,19.86725998,1.01,3.500277281,199.975647
7/8/2021 9:00,80.01126099,23.68055534,0.98,3.517235518,200.7678223
7/8/2021 21:00,79.41902161,38.14670181,1.13,3.519714236,200.8200684
7/9/2021 9:00,73.06449127,33.10163116,0.86,3.514495015,200.6669922
7/9/2021 21:00,83.71062469,18.51712036,0.97,3.503873587,200.0410614
7/10/2021 9:00,83.99185944,28.37569427,0.88,3.51565516,200.1157227
7/10/2021 21:00,83.30517578,26.15559196,1.24,3.512788773,200.2190247
7/11/2021 9:00,84.51538849,19.30045319,0.79,3.515880108,200.133606
7/11/2021 21:00,83.92945862,19.50013924,0.91,3.511577845,199.9793396
7/12/2021 9:00,84.48271942,20.05207062,0.95,3.516590476,199.8793335
7/12/2021 21:00,83.92376709,19.614851,0.61,3.515219808,199.8337555
7/13/2021 9:00,84.55619049,21.0531292,0.73,3.500341773,199.9694672
7/13/2021 21:00,83.86412048,19.81529045,0.77,3.504926682,199.8015137
7/14/2021 9:00,84.41783905,21.58919144,0.55,3.509952784,199.7036743
7/14/2021 21:00,84.01721191,20,0.73,3.51496172,200.0463409
7/15/2021 9:00,84.05693817,20,0.52,3.519855142,200.3910522
7/15/2021 21:00,83.73817444,20,0.68,3.510038257,199.8530884
7/16/2021 9:00,83.37276459,23.57827187,0.65,3.50011313,199.3193665
7/16/2021 21:00,83.33988953,20.83970261,0.73,3.5,199.9761963
7/17/2021 9:00,83.43623352,20,0.69,3.50007093,199.9260254
7/17/2021 21:00,83.70735168,22.35606194,0.72,3.505059004,199.7647552
7/18/2021 9:00,83.28818512,23,0.7,3.509981156,199.4837341
7/18/2021 21:00,83.03610992,23,0.77,3.523409724,199.8021393
7/19/2021 9:00,83.04415131,22,0.63,3.528419852,199.9522247
7/19/2021 21:00,82.24008179,22,0.64,3.523147583,200.2055969
7/20/2021 9:00,82.07364655,21.4658699,0.68,3.513138652,200.5072021
7/20/2021 21:00,82.69633484,21.86471558,0.55,3.487585426,200.5587158
7/21/2021 9:00,83.41957092,21,0.52,3.454930783,200.0052338
7/21/2021 21:00,82.32844543,23.84998703,0.61,3.440000057,200.0901794
7/22/2021 9:00,83.51931,21.48516655,0.64,3.440000057,199.8399506
7/22/2021 21:00,82.88975525,21,0.6,3.444969893,199.6999969
7/23/2021 9:00,83.33207703,21.12512398,0.62,3.456247807,199.6999969
7/23/2021 21:00,83.07894897,22,0.59,3.446838618,199.558609
7/24/2021 9:00,83.78388977,21,0.63,3.441836715,199.8095398
7/24/2021 21:00,82.99834442,21.50827217,0.58,3.440000057,199.7718201
7/25/2021 9:00,83.69916534,23.18493652,0.6,3.440000057,199.5714111
7/25/2021 21:00,82.80640411,31.14504433,0.63,3.436804056,199.6999969
7/26/2021 9:00,129.210434,31.47312927,0.88,3.431774855,178.3800507
7/26/2021 21:00,82.47294617,33.55093384,0.57,3.429999948,200.2857056
7/27/2021 9:00,82.24039459,36.5672226,0.67,3.429999948,200.0857086
7/27/2021 21:00,82.87278748,32.53852844,0.58,3.43324852,199.7419434
7/28/2021 9:00,82.29206085,33,0.61,3.438257814,199.2903748
7/28/2021 21:00,81.42975616,33,0.66,3.469365955,199.6483002
7/29/2021 9:00,80.71048737,31.99599457,0.74,3.514392019,200.6613617
7/29/2021 21:00,80.56835938,31.65367699,0.8,3.525310636,201.0244751
7/30/2021 9:00,80.21166992,31.1415863,0.76,3.550430775,200.6680298
7/30/2021 21:00,80.56594086,31.64103317,0.69,3.573553801,200.5
7/31/2021 9:00,80.96346283,31,0.76,3.58879292,199.8498993
7/31/2021 21:00,80.60523987,32.93333435,0.74,2.771495342,199.6599121
8/1/2021 9:00,81.38045502,31,0.66,2.023986757,199.1061554
8/1/2021 21:00,80.69334412,30.81039619,0.7,1.830000043,199.7120514
8/2/2021 9:00,81.6830368,29.86468124,0.71,1.830000043,199.6779633
8/3/2021 9:00,80.76396179,31.04474449,0.69,1.761044383,200.8607635
8/3/2021 21:00,80.20314026,31,0.56,1.830000043,200.4023895
8/4/2021 9:00,81.34500885,32.37384415,0.32,1.830000043,200.0411377
8/4/2021 21:00,80.9214325,31.76556778,0.65,1.830000043,199.791626
8/5/2021 9:00,81.16809845,31,0.58,1.830000043,201.8500366
8/5/2021 21:00,80.99263,31.46847343,1.15,1.830000043,199.9876709
8/6/2021 9:00,81.24162292,31,0.86,1.830000043,199.6376801
8/6/2021 21:00,80.87509155,30,1.03,1.830000043,198.8000336
8/7/2021 9:00,81.51582336,31.02654648,0.68,1.830000043,199.8461914
8/7/2021 21:00,80.86391449,31,0.78,1.830000043,199.4268799
8/8/2021 9:00,81.39557648,32.13662338,0.66,1.830000043,200.0952911
8/8/2021 21:00,80.96219635,30.65737724,0.79,1.830000043,200.1958466
8/9/2021 9:00,85.03894806,35.28928375,0.43,1.830000043,199.8630371
8/9/2021 21:00,0.298276752,34.08736038,0.66,1.830000043,198.8607788
8/10/2021 9:00,61.26177597,38.74721527,1.65,1.830000043,199.4642792
8/10/2021 21:00,84.6955719,42.97008133,1.74,1.830000043,199.0340118
8/11/2021 16:00,87.7506485,31.17915154,1.49,1.830000043,199.2755737
8/11/2021 21:00,85.02331543,41.92881775,1.51,1.830000043,199.4007416
8/12/2021 9:00,85.02120209,42.36489105,1.36,1.830000043,199.6980438
8/12/2021 21:00,86.87067413,30,0.31,1.830000043,199.750473
8/13/2021 9:00,87.20236969,27.23666573,1.29,1.830000043,199.7980347
8/13/2021 21:00,86.25553894,30,0.35,1.830000043,199.7073822
8/14/2021 9:00,87.62494659,26.59387207,0.5,1.830000043,199.6000061
8/14/2021 21:00,86.35603333,31,0.44,1.830000043,199.6203156
8/15/2021 9:00,88.28327942,18.35968971,0.7,1.830000043,199.8799133
8/15/2021 21:00,86.43489075,30.58014679,0.55,1.824472785,199.3859253
8/16/2021 9:00,87.07629395,34.48771286,0.65,1.829476357,199.5966339
8/16/2021 21:00,86.58178711,31.36245728,0.73,1.830000043,199.6257935
8/17/2021 9:00,86.97584534,31.39999962,0.66,1.830000043,199.7002106
8/17/2021 21:00,86.61274719,32,0.71,1.830496907,199.7936401
8/18/2021 9:00,87.30471039,32,0.69,1.863131046,199.3955536
8/18/2021 21:00,86.48240662,29.60123253,0.44,0,198.2701721
8/25/2021 21:00,88.74723053,27.35706329,0.19,1.734890103,190.8471375
8/26/2021 9:00,88.9839325,29.27500725,0.4,1.769999981,201.2413177
8/26/2021 21:00,88.81181335,28.93223381,0.32,1.774677515,190.5618744
8/27/2021 9:00,88.32952118,31,0.65,1.370610595,200.3773499
8/27/2021 21:00,88.06861877,31,0.48,1.737974644,200.5
8/28/2021 9:00,88.8337326,31.57291794,0.38,1.769999981,200.5
8/28/2021 21:00,57.14485931,26.08864594,0.49,0.90565002,199.4600372
8/29/2021 9:00,90.11148071,30.78933716,0.69,1.656437278,200.3974915
8/29/2021 21:00,89.1180954,38.77777863,0.51,1.756414533,199.7587128
8/30/2021 9:00,87.56703949,31,0.51,1.751410127,199.3431091
8/30/2021 21:00,86.83366394,32,0.49,1.753600955,200.1533051
8/31/2021 9:00,87.06511688,33,0.38,1.758614659,200.3540039
8/31/2021 21:00,86.96240997,32,0.43,1.75999999,200.3588409
9/1/2021 9:00,87.80686188,32.20254517,0.41,1.75999999,200.1231537
9/1/2021 21:00,86.24708557,41.49079132,0.34,1.75999999,200.5239868
9/2/2021 9:00,87.78567505,31.93305016,0.51,1.75999999,200.2717438
9/2/2021 21:00,86.87195587,31.94890404,0.33,1.763632655,200.1254883
9/3/2021 21:00,88.0991745,31,0.37,1.765894651,200.2872772
9/4/2021 9:00,88.68296051,31,0.69,1.760278702,200.0761566
9/4/2021 21:00,87.77375031,31.6988678,0.58,1.745220661,199.7761536
9/5/2021 9:00,87.75388336,31.53481483,0.54,1.740188122,199.3399353
9/5/2021 21:00,88.27845764,32,0.46,1.74000001,199.1851196
9/6/2021 9:00,88.2740097,34.99819946,0.76,1.641710281,199.0156708
9/6/2021 21:00,88.07122803,31.32423592,0.65,1.766155958,198.9484863
9/7/2021 9:00,88.56410217,31.99996758,0.57,1.75999999,199.4539948
9/7/2021 21:00,87.84815216,31.31869125,0.61,1.75999999,199.8729095
9/8/2021 9:00,88.57032013,31.79249763,0.58,1.769126773,200.2826233
9/8/2021 21:00,88.12498474,30.25613403,0.49,1.764740109,200.0859528
9/9/2021 9:00,88.77173615,30.8125,0.43,1.769750714,200.387619
9/9/2021 21:00,88.74968719,31.47515869,0.27,1.769999981,200.1117096
9/10/2021 9:00,89.10147095,24.85305595,0.44,1.769999027,199.8110809
9/10/2021 21:00,88.87508392,31,0.43,1.765170932,199.5102539
9/11/2021 9:00,88.12696075,20.7484417,0.57,1.760163784,199.2118225
9/11/2021 21:00,87.233284,32.07568359,0.4,1.75999999,199.5209198
9/12/2021 9:00,87.95128632,21.32411194,0.36,1.75999999,199.4725189
9/12/2021 21:00,88.16976929,31,0.33,1.764601111,199.372757
9/13/2021 9:00,89.58482361,30.44219589,0.39,1.769605994,199.623291
9/13/2021 21:00,87.51087189,41.56505585,0.34,1.765386224,199.4090118
9/14/2021 9:00,91.10391998,25.16586113,0.59,1.760378242,199.2512207
9/14/2021 21:00,90.1088028,31,0.54,1.764630914,199.4743042
9/15/2021 9:00,89.49188232,30.51443481,0.61,1.769640207,199.574585
9/15/2021 21:00,89.19303131,19.4085083,0.78,1.769999981,199.5625763
9/16/2021 9:00,88.9235611,31,0.28,1.769999981,199.5124359
9/16/2021 21:00,88.81647491,22,0.59,1.769999981,199.5752106
9/17/2021 9:00,89.01731873,30,0.35,1.769999981,199.6752167
9/17/2021 21:00,88.12828064,20,0.44,1.769999981,199.2775879
9/20/2021 9:00,85.33670807,29.05327797,0.37,1.54107058,199.5641785
9/20/2021 21:00,83.84470367,30.52823639,0.39,1.76920855,199.3497162
9/21/2021 9:00,84.40198517,30.7892971,0.42,1.764185786,199.2011871
9/21/2021 21:00,83.86190033,31,0.3,1.760835648,199.4259949
9/22/2021 9:00,84.4418869,31,0.35,1.765851378,200.2312927
9/22/2021 21:00,84.49272156,30.85427475,0.35,1.770864487,200.5
9/23/2021 9:00,84.35076141,30,0.44,1.775865436,200.5316315
9/23/2021 21:00,83.26555634,29.43709564,0.36,1.778616548,200.8371735
9/24/2021 9:00,84.97691345,30,0.56,1.770630836,201.1878967
9/24/2021 21:00,83.99915314,29,0.36,3.097615719,199.5660553
9/25/2021 9:00,85.26338959,31,0.83,3.359433889,200.1111908
9/25/2021 21:00,83.90838623,29.97754097,0.42,3.579795599,200.4232635
9/26/2021 9:00,85.4812851,31,0.77,3.584749579,200.3000336
9/26/2021 21:00,84.17726898,31.91026878,0.49,3.590047121,199.8504333
9/27/2021 9:00,85.73365021,32.99151993,0.58,3.590097785,199.7098236
9/27/2021 21:00,84.11347198,32.47491074,0.53,3.589790106,199.8604431
9/28/2021 9:00,85.6181488,34.71035385,0.6,3.58978045,199.9852142
9/28/2021 21:00,84.65520477,31,0.56,3.585285425,199.7840881
9/29/2021 9:00,85.79881287,31.76170158,0.57,3.58027935,199.6147461
9/29/2021 21:00,85.01053619,32,0.81,3.58472991,199.7887878
9/30/2021 9:00,84.38894653,29,0.7,3.589732647,199.803833
9/30/2021 21:00,84.6027832,29,0.67,3.585105419,199.6352234
10/1/2021 9:00,85.63272095,30.53333282,0.53,3.580096125,199.7853241
10/1/2021 21:00,84.5885849,30,0.59,3.580000042,200.0749054
10/2/2021 9:00,85.05905151,31.00054359,0.36,1.820105314,200.2316589
10/2/2021 21:00,84.91255188,31.58644104,0.57,1.834920883,199.4976807
10/3/2021 9:00,84.04799652,30.9066658,0.41,1.101451755,199.3999939
10/4/2021 21:00,84.20494843,29.02903938,0.41,2.436736702,196.1481476
10/5/2021 9:00,84.74990082,29.99640083,0.72,2.07051754,199.3544922
10/5/2021 21:00,83.70835876,30,0.35,1.75058651,199.6044922
10/6/2021 9:00,84.74564362,30,0.44,1.755610466,199.7932129
10/6/2021 21:00,83.42557526,31,0.34,1.75999999,199.944046
10/7/2021 9:00,84.05512238,30.9810009,0.37,1.75999999,199.7813873
10/7/2021 21:00,83.76419067,30,0.42,1.75999999,199.5095673
10/8/2021 9:00,84.29096985,31,0.5,1.75999999,199.559845
10/8/2021 21:00,82.93265533,30.6145668,0.37,1.75999999,199.6606598
10/9/2021 9:00,83.78813171,31,0.37,1.75999999,199.9618988
10/9/2021 21:00,83.5983963,30.36298561,0.52,1.107178926,200.5392914
10/10/2021 9:00,82.90939331,30.13866997,0.42,1.746554136,199.9899597
10/10/2021 21:00,82.87760162,29.61323547,0.4,1.75999999,199.5795593
10/11/2021 9:00,82.83374786,29,0.37,1.75999999,199.3527679
10/11/2021 21:00,82.26515961,30.21454239,0.41,2.298915327,199.4874725
10/12/2021 9:00,82.99138641,30,0.39,2.914159417,200.5488586
10/12/2021 21:00,83.00359344,29.61015701,0.44,3.404135227,200.511322
10/13/2021 9:00,85.62878418,30,0.42,3.446298599,200.8206177
10/13/2021 21:00,83.52516937,30.97930908,0.49,3.47187972,200.2649536
10/14/2021 9:00,86.64366913,22.50278664,0.47,3.546999693,200.4969788
10/14/2021 21:00,84.5020752,30.93960953,0.44,3.603392362,200.375885
10/15/2021 9:00,85.64454651,21.08942795,0.4,2.027251706,199.9265289
10/15/2021 21:00,85.15130615,20,0.47,1.815640807,199.7384644
10/16/2021 9:00,85.82620239,31,0.45,1.820000052,199.9394379
10/16/2021 21:00,84.37639618,20.60871696,0.66,1.820000052,199.9095306
10/17/2021 9:00,83.58612823,31.44610405,0.59,1.820000052,199.5552521
10/17/2021 21:00,85.06796265,19.27958679,0.42,1.817528009,200
10/18/2021 9:00,85.09645844,31.37854385,0.48,1.812498093,200
10/18/2021 21:00,84.40369415,19.67908478,0.52,1.809999943,199.8056488
10/19/2021 9:00,82.93173981,30.9452076,0.56,1.809999943,199.5
10/19/2021 21:00,84.31804657,18.70855522,0.61,1.812631726,199.848587
10/20/2021 9:00,83.18640137,25.36222267,0.57,1.817856312,200.1610565
10/21/2021 9:00,84.81040955,29.77511787,0.51,1.821125987,199.4132233
10/21/2021 21:00,84.27838898,20.66183472,0.63,1.772831202,199.5461578
10/22/2021 9:00,86.2017746,18.4505558,0.31,2.561113417,199.6965637
10/22/2021 21:00,84.68697357,19.25403786,0.39,2.062971204,199.6999969
10/23/2021 9:00,86.26470947,31.20374298,0.54,1.730000019,199.7002258
10/23/2021 21:00,83.98657227,31.53126526,0.38,1.730000019,199.7493439
10/24/2021 9:00,85.68269348,31.53891373,0.57,1.730000019,199.7960205
10/24/2021 21:00,85.24118805,21.21999168,0.37,1.730000019,198.8774719
10/25/2021 9:00,85.35979462,31,0.4,1.730000019,199.8342285
10/25/2021 21:00,83.87038422,29.76120567,0.43,1.730000019,199.6999969
10/26/2021 9:00,85.14576721,30.38875008,0.49,1.730000019,199.6999969
10/26/2021 21:00,83.85417938,32,0.5,1.730000019,199.5920868
10/27/2021 9:00,86.27206421,32.38301086,0.37,1.730000019,199.4420929
10/27/2021 21:00,84.36618042,32,0.39,1.730000019,199.3639069
10/28/2021 9:00,86.2924118,33,0.66,1.730000019,199.313736
10/28/2021 21:00,83.99923706,31,0.51,1.730000019,199.0658875
10/29/2021 9:00,85.15356445,28.63479233,0.66,1.730000019,198.8677216
10/29/2021 21:00,83.75310516,28,0.56,1.730000019,199.5069733
10/30/2021 9:00,84.47801208,28.13696289,0.62,1.730000019,199.6069794
10/30/2021 21:00,83.95146179,28,0.63,1.730000019,199.6506042
10/31/2021 9:00,84.47464752,29,0.62,1.730000019,198.9447174
10/31/2021 21:00,83.83023071,28.00000191,0.82,1.772269726,199.2543182
11/1/2021 9:00,83.96277618,28.99750519,0.54,1.797338486,199.1000061
11/1/2021 21:00,83.44160461,29,0.61,1.809999943,200.2532654
11/2/2021 9:00,84.22434235,29.40103912,0.39,1.809999943,196.4044037
11/2/2021 21:00,85.5316391,28.80067444,0.54,1.811873317,200.1568756
11/3/2021 9:00,85.49154663,29,0.34,1.767951846,199.3288422
11/3/2021 21:00,85.52376556,28,0.51,1.794646025,200.6168671
11/4/2021 9:00,84.91858673,27,0.3,1.809674501,200.1294861
11/4/2021 21:00,83.08496094,28,0.49,1.713646531,199.6000061
11/5/2021 9:00,84.27719116,28.48239708,0.28,1.739645362,199.6742401
11/6/2021 9:00,83.56065369,29.47921753,0.4,1.192202687,199.4267578
11/6/2021 21:00,82.33689117,29,0.36,1.772538543,199.7483978
11/7/2021 9:00,82.75679779,28.38505173,0.44,1.870000005,198.7011566
11/8/2021 9:00,84.2225647,29.24999046,0.4,1.870000005,199.5100403
11/8/2021 21:00,82.66726685,29,0.54,1.870000005,199.6614075
11/9/2021 9:00,83.6862793,30,0.51,1.870000005,199.460434
11/9/2021 21:00,81.91023254,28.34305573,0.48,1.870000005,199.0992126
11/10/2021 9:00,81.98851013,28.6847229,0.45,1.870000005,199.9660187
11/10/2021 16:00,82.09951019,30.09656143,0.47,1.870000005,199.2997894
11/10/2021 21:00,81.90544128,30,0.47,1.870000005,199.6379547
11/11/2021 9:00,82.60500336,30.19864082,0.51,1.870000005,199.6164856
11/11/2021 21:00,81.36348724,30,0.61,1.870000005,198.7870026
11/12/2021 9:00,81.07839966,30.13333321,0.58,1.870000005,199.0373535
11/12/2021 21:00,82.30904388,30.31766701,0.48,0.984550655,201.3699646
11/13/2021 9:00,82.96498108,29,0.5,1.870000005,199.314682
11/13/2021 21:00,81.97203827,28.7430172,0.37,1.870000005,200.1786804
1/5/2022 21:00,86.078125,29,0.47,1.870000005,199.4167786
1/6/2022 9:00,85.02435303,29,0.92,1.870000005,198.1529388
1/6/2022 15:00,85.25267029,29,0.74,1.870000005,198.2419586
1/6/2022 21:00,95.34616089,29.36627579,0.57,1.870000005,199.6585846
1/7/2022 9:00,109.1704254,30,0.32,1.870000005,197.0764923
1/7/2022 21:00,109.1227188,28.08461952,0.39,1.093808651,197.5027008
1/8/2022 9:00,108.7575073,28.35153008,0.2,1.870000005,200.5866852
1/8/2022 21:00,108.7197037,28,0.23,1.870000005,201.2043915
1/9/2022 9:00,108.1774292,29.40049362,0.22,1.870000005,198.5842438
1/9/2022 21:00,108.7681656,30.5632,0.49,1.870000005,200.0106812
1/10/2022 9:00,109.2868729,30.40759468,0.43,1.870000005,200.7062683
1/10/2022 21:00,109.8672791,31.38516998,0.51,1.870000005,199.5944519
1/11/2022 9:00,109.1768723,31.66790009,0.72,1.870000005,198.6019287
1/11/2022 21:00,109.4291382,31,0.42,1.870000005,198.2117462
1/12/2022 9:00,109.0574265,31.33465767,0.34,1.870000005,198.7880402
1/12/2022 21:00,109.704216,32,0.54,1.870000005,198.580307
1/13/2022 9:00,109.0264587,33.4109726,0.57,1.870000005,195.5627136
1/13/2022 21:00,108.5087357,32.58776855,0.7,3.659999967,192.6676636
1/14/2022 9:00,108.4715881,39.8972435,0.4,3.659999967,199.9832153
1/14/2022 21:00,111.9700012,29.33840942,0.72,1.800973773,193.7344513
1/15/2022 21:00,112.8360748,28.28173637,0.6,1.79901433,194.7920227
1/16/2022 9:00,112.7313919,28.93304634,0.42,1.79401207,198.4527588
1/16/2022 21:00,112.4355621,28.40997124,0.31,3.606982947,193.5099487
1/17/2022 9:00,112.6078873,29.80414391,0.44,1.870000005,194.8979645
1/17/2022 21:00,112.5546036,30,0.68,1.870000005,133.2073364
1/18/2022 9:00,112.6244202,30.22247314,0.8,1.870000005,199.203537
1/18/2022 21:00,112.3943558,30.88092041,0.34,1.870000005,198.1846924
1/19/2022 9:00,112.5075378,30.14170074,0.3,1.870000005,199.6665039
1/19/2022 21:00,112.4159546,30.01014709,0.29,1.870000005,199.973114
1/20/2022 9:00,112.3664398,30,0.35,1.870000005,198.9586182
1/20/2022 21:00,112.0233002,30,0.45,3.646324873,196.8595581
1/21/2022 21:00,109.5534515,29,0.37,3.651748538,200.1274109
1/22/2022 21:00,109.7161713,31,0.45,3.659999967,200.1291199
1/23/2022 21:00,114.7732315,30.03543282,0.55,3.659999967,196.5239258
1/24/2022 21:00,114.3399658,31,0.49,2.437875748,200.7510681
1/25/2022 21:00,113.760582,30,0.42,1.799999952,199.4951477
1/26/2022 21:00,113.5020676,30.18685913,0.52,1.798724771,199.266922
1/27/2022 21:00,113.6088333,30,0.33,3.584542513,198.9883881
1/28/2022 21:00,111.9220505,30,0.39,3.657801748,200.2607727
1/29/2022 21:00,111.4053574,30,0.56,3.659999967,189.9273071
1/30/2022 21:00,111.4675064,30.55890846,0.71,3.659999967,193.1571198
1/31/2022 21:00,111.4264603,29,0.69,3.659999967,196.0759125
2/1/2022 21:00,111.1832809,29,0.69,1.870000005,165.6777954
2/2/2022 21:00,111.1444702,21.2753334,0.71,1.226927757,160.3993225
2/3/2022 9:00,110.9790115,30.37436867,0.76,3.623031974,198.9828339
2/3/2022 21:00,110.7281036,23.67053223,0.6,3.643133164,197.6111603
2/4/2022 9:00,111.2023544,30,0.62,3.659999967,199.2219086
2/4/2022 21:00,111.0951614,23.62175941,0.65,1.870000005,195.8629761
2/5/2022 9:00,111.144989,31.40166664,0.73,1.760517344,196.2318878
2/5/2022 21:00,113.6987381,30,0.35,1.792547464,200.9027557
2/6/2022 9:00,113.7483139,30.64029312,0.43,1.797560573,199.1005707
2/6/2022 21:00,113.8290634,21.69277382,0.42,1.799999952,199.1145935
2/7/2022 9:00,113.6307907,29.76660919,0.52,1.799999952,199.5497284
2/7/2022 21:00,107.2253342,29.86946297,0.48,1.799999952,199.1000061
2/8/2022 9:00,107.4976959,30,0.55,1.799999952,198.9602051
2/8/2022 21:00,108.5426788,32.50144196,0.49,1.798497081,197.4536743
2/9/2022 9:00,108.4388428,29.74543762,0.44,1.793467879,199.1467743
2/9/2022 21:00,108.564064,20.80333328,0.41,1.799474239,199.7177124
2/10/2022 9:00,108.7517776,39.32072449,0.38,1.794453502,198.793335
2/10/2022 21:00,113.2084274,23.00723648,0.38,1.789999962,199.1129303
2/11/2022 9:00,112.7581253,30.63867188,0.46,1.789999962,199.2597809
2/11/2022 21:00,112.3335724,28.09269905,0.42,1.789999962,199.338913
2/12/2022 9:00,112.1430359,45.15827942,0.47,1.789999962,200.5430145
2/12/2022 21:00,108.6397781,37.0145874,0.5,1.790844917,198.8652954
2/13/2022 9:00,108.7502213,36.23988724,0.37,1.797537565,198.0304871
2/13/2022 21:00,100.7309113,26.4758873,0.35,1.789999962,199.9005585
2/14/2022 9:00,74.03038788,34.08880234,0.36,1.789999962,199.5291595
2/14/2022 21:00,102.3069611,23.52080536,0.4,1.789999962,194.8467255
2/15/2022 9:00,102.09095,43.79110336,0.96,1.789999962,183.3564758
2/15/2022 21:00,101.8830643,42.04098511,0.55,1.792972088,199.6177063
2/16/2022 9:00,102.1893387,29.28081322,0.87,1.797973752,199.9354553
2/16/2022 21:00,48.80763245,22.58888626,0.84,0.789724469,197.4067078
2/23/2022 9:00,103.8939896,30.51615906,0.67,1.870000005,189.4156647
2/23/2022 21:00,104.699646,30,0.69,1.870000005,199.3835907
2/24/2022 9:00,103.158783,29.70485497,0.74,1.870000005,198.293396
2/24/2022 21:00,103.6747589,31,0.35,1.870000005,196.8880463
2/25/2022 9:00,101.3939667,30.10134888,0.89,1.532954574,200.7657623
2/25/2022 21:00,102.4119568,29.827425,0.48,1.799999952,199.0926514
2/26/2022 9:00,101.9249725,29.00912094,0.79,1.799999952,199.6534424
2/26/2022 21:00,102.5749588,30,0.89,1.799999952,199.6686401
2/27/2022 21:00,101.8597031,33,0.2,1.799999952,200.1523285
2/28/2022 9:00,101.9657822,33,0.9,1.799999952,198.7767944
2/28/2022 21:00,102.0631485,32.00555038,0.4,1.791497707,130.4817505
3/1/2022 9:00,101.873703,30.26851463,0.44,0,102.2055359
3/2/2022 9:00,116.9670868,30.43728447,0.36,1.611081123,198.063385
3/2/2022 21:00,117.1685486,33.67505264,0.37,1.786540031,199.0996704
3/3/2022 9:00,116.6147614,30,0.41,1.799999952,198.6697693
3/3/2022 21:00,117.442337,30.17625999,0.43,1.799999952,198.3332672
3/4/2022 9:00,117.2153091,21.56306839,0.33,1.799999952,199.4254761
3/4/2022 21:00,117.0351715,30.65722084,0.4,1.799999952,196.3331909
3/5/2022 9:00,117.10923,30.39683342,0.2,1.799999952,198.0668335
3/5/2022 22:00,117.4163742,31,1.69,1.799999952,197.2070313
3/6/2022 8:00,117.8863907,31,0.35,1.618499994,197.6655273
3/6/2022 21:00,117.1818619,31.3318119,0.36,1.870000005,199.4941406
3/7/2022 9:00,117.2219925,30.70172882,0.22,1.870000005,197.273941
3/7/2022 21:00,117.355278,31.36565018,0.44,1.870000005,192.667984
3/8/2022 9:00,117.0574722,32,0.35,1.870000005,198.7111359
3/8/2022 21:00,117.239212,32,0.49,1.870000005,191.7117157
3/9/2022 9:00,116.8313522,31.83406448,0.41,1.870000005,189.7967224
3/9/2022 21:00,116.8241043,22.32037926,0.29,1.870000005,187.7993622
3/10/2022 9:00,117.3434372,31.02944946,0.27,1.870000005,198.2915192
3/10/2022 21:00,116.9053497,31,0.32,1.870000005,197.3045044
3/11/2022 9:00,116.700943,26.62605476,0.29,1.870000005,196.3902435
3/11/2022 21:00,116.9133148,21.14302635,0.37,1.870000005,198.6695557
3/12/2022 9:00,116.8128052,30.44000053,0.32,1.870000005,199.8707886
3/12/2022 21:00,116.8020096,26.14629555,0.23,1.870000005,199.7021637
3/13/2022 9:00,116.3503723,32,0.28,1.870000005,199.4477386
3/13/2022 21:00,116.7201767,24.51771355,0.3,1.870000005,195.8022308
3/14/2022 9:00,116.7009048,31,0.32,1.870000005,198.1864014
3/14/2022 21:00,115.1588058,31,0.39,1.870000005,191.7967682
3/15/2022 9:00,115.507576,30.10440636,0.3,1.870000005,189.9182281
3/15/2022 21:00,119.3478241,31,0.35,1.994636119,200.2056732
3/16/2022 9:00,119.1985016,31,0.29,1.870000005,199.3062286
3/16/2022 21:00,118.9790497,29.41689873,0.3,1.792201877,194.3123627
3/17/2022 9:00,117.9786453,30,0.38,1.798230886,199.0036926
3/17/2022 21:00,118.4474564,30,0.49,1.863724828,199.4605103
3/18/2022 9:00,118.370575,30,0.4,1.868750095,198.7655182
3/19/2022 2:00,118.9702225,31.77540016,0.34,0.894130349,197.2992554
3/19/2022 21:00,118.9344254,30.37687492,0.64,1.793355465,199.828125
3/20/2022 21:00,106.9111633,32,0.58,1.870000005,198.2028961
3/21/2022 21:00,118.6721039,30,0.28,1.870000005,200.2363739
3/22/2022 21:00,118.2430573,31,0.43,1.870000005,199.9812164
3/23/2022 21:00,115.1507187,33.56034851,0.59,1.870000005,199.9007111
3/24/2022 21:00,114.9082642,32.83922958,0.62,1.700850487,200.545517
3/25/2022 21:00,115.4249344,29.02945518,0.27,1.870000005,181.3245697
3/26/2022 21:00,115.1362076,28.98165131,0.53,1.799999952,190.1052704
3/27/2022 21:00,115.0504532,42.04842377,0.96,1.799999952,197.7924347
3/28/2022 21:00,114.4270935,29,0.59,1.784196854,195.634613
3/29/2022 21:00,114.6203156,30.26500893,0.53,1.798826218,201.0164948
3/30/2022 21:00,114.2878418,31,0.67,1.799999952,201.1355286
4/6/2022 21:00,117.4596024,18,0.28,1.767209291,83.49698639
4/7/2022 21:00,112.0134964,17.64913177,0.55,1.793185234,103.0273056
4/8/2022 9:00,111.5039444,18.95009041,0.86,1.799762607,152.0139923
4/8/2022 21:00,111.9289551,47.31916809,0.62,1.799999952,175.4481201
4/9/2022 9:00,74.71881104,17.04166603,0.54,1.799492002,126.3470993
4/9/2022 21:00,76.00639343,17,1.11,1.793397903,133.3683014
4/10/2022 9:00,75.53645325,25.43199921,1.47,1.798420548,171.7805634
4/11/2022 9:00,70.71598053,30.81921005,1.04,1.776433706,198.7020111
4/11/2022 21:00,123.3213501,29.80995941,0.89,1.796560645,197.7916412
4/12/2022 9:00,115.8390808,29,0.58,1.799999952,199.7494049
4/12/2022 21:00,93.4624176,29.26379776,0.54,1.799999952,201.3312378
4/13/2022 9:00,65.27819061,29.36666679,0.56,1.799999952,199.6000061
4/13/2022 21:00,68.37923431,18,0.74,1.799999952,199.5906525
4/14/2022 9:00,68.46412659,28.3439312,0.58,1.795475245,195.7276764
4/14/2022 21:00,51.09121323,25.41403389,0.81,1.266785383,197.863266
4/15/2022 9:00,59.19823837,28.72088814,0.92,2.295479655,200.2150421
4/15/2022 21:00,58.33145523,27.86810303,0.68,1.870000005,199.5644226
4/16/2022 9:00,57.31347656,30.05070496,0.83,1.870000005,198.8365021
4/16/2022 21:00,56.9262886,30.82933426,0.8,1.870000005,200.7376099
4/17/2022 9:00,60.04933548,30.25328827,0.86,1.870000005,201.8280792
4/17/2022 21:00,58.02042007,30.40732574,0.75,1.870000005,200.4889832
4/18/2022 9:00,58.1928978,30.09129715,0.8,1.870000005,200.1298218
4/18/2022 21:00,60.86723709,16.70744705,0.98,1.870000005,199.507309
4/19/2022 9:00,63.15182877,30.15544701,0.63,1.870000005,200.871582
4/19/2022 21:00,80.09793854,30.61652946,0.51,1.870000005,200.7114258
4/20/2022 9:00,86.20707703,32.13333893,0.61,1.870000005,198.6318207
4/20/2022 21:00,93.8677597,32.01288986,0.49,1.870000005,200.4371643
4/21/2022 9:00,93.19491577,33.8169136,0.59,1.870000005,199.7759705
4/21/2022 21:00,98.99454498,41.59866714,0.54,1.870000005,202.2362213
4/22/2022 9:00,65.02050018,18.03666687,0.74,1.870000005,197.8859711
4/22/2022 21:00,62.64347839,17,0.88,1.870000005,200.649826
4/23/2022 9:00,103.5054092,18.76139832,0.55,1.870000005,198.7952728
4/23/2022 21:00,97.5430069,19,0.63,1.870000005,200.3764648
4/24/2022 9:00,102.8909302,19,0.63,1.870000005,198.6277618
4/24/2022 21:00,102.9868546,18.52651787,0.43,1.870000005,198.3389282
4/25/2022 9:00,103.0792923,18.02647209,0.6,1.870000005,201.6444855
4/25/2022 21:00,102.1685104,32.75564575,0.32,1.870000005,198.8826447
4/26/2022 9:00,90.36456299,28.25389099,0.74,1.870000005,201.5215607
4/26/2022 21:00,90.19121552,30.52411079,0.44,1.870000005,199.9477997
4/27/2022 9:00,92.90625763,42.80537796,0.46,1.870000005,198.774292
4/27/2022 21:00,88.33127594,34.78376007,0.83,1.767076731,197.3252258
4/28/2022 9:00,36.45097733,23.12674713,0.5,1.787085772,199.1387482
4/28/2022 21:00,83.33390045,23.69849396,0.66,2.208885461,196.2853546
4/29/2022 21:00,43.78260422,38.62775421,0.57,1.870000005,199.2198334
4/30/2022 9:00,83.83105469,36.64314651,1.64,1.870000005,197.9324951
4/30/2022 21:00,80.89219666,29.94996452,1.09,1.870000005,200.9597626
5/1/2022 9:00,88.28482056,41.55294418,0.62,1.870000005,198.7369232
5/1/2022 21:00,85.82949066,38.44306183,0.77,1.870000005,200.4494324
5/2/2022 9:00,74.28720856,42.84746933,0.81,1.870000005,196.5201874
5/2/2022 21:00,84.82408142,42.5677948,0.74,1.870000005,201.5587006
5/3/2022 21:00,84.56622314,40.35910416,0.79,1.870000005,200.3470001
5/4/2022 9:00,72.43595886,40.98081207,0.82,1.870000005,196.6176758
5/4/2022 21:00,82.71819305,29,0.8,1.870000005,200.419693
5/5/2022 9:00,96.79470062,35.97601318,0.45,1.870000005,197.2615662
5/5/2022 21:00,86.9368515,37,0.49,1.870000005,197.8557434
5/6/2022 12:00,85.34397888,37.04660797,0.56,1.870000005,200.4623566
5/6/2022 21:00,87.20587158,41,0.46,1.870000005,198.8000031
5/7/2022 9:00,83.9294281,28,0.49,1.870000005,198.522995
5/7/2022 21:00,83.50150299,35.48549271,0.53,1.870000005,199.1668701
5/8/2022 9:00,85.48188019,36.43756866,0.49,1.870000005,198.4415131
5/8/2022 21:00,89.09220886,29.24975204,0.79,1.870000005,198.0675201
5/9/2022 9:00,81.05952454,30,0.46,1.870000005,198.0482941
5/9/2022 21:00,83.38995361,29.15175247,0.4,1.870000005,198.0169067
5/10/2022 9:00,76.63208771,30,0.8,1.870000005,198.8961639
5/10/2022 21:00,80.99393463,32.99448776,0.85,1.870000005,198.1052856
5/11/2022 9:00,78.20407867,38,0.75,1.870000005,196.0699921
5/11/2022 21:00,80.08302307,29.1751709,0.68,1.870000005,198.2324829
5/12/2022 9:00,79.07836151,32.02555466,0.82,1.870000005,197.0062256
5/12/2022 21:00,77.92680359,38.04447174,0.63,1.870000005,199.1763611
5/13/2022 9:00,75.89756012,29.46074677,0.57,1.870000005,197.9354553
5/13/2022 21:00,79.42671204,34.60905457,0.61,1.870000005,198.3000031
5/14/2022 9:00,76.31303406,28.37229347,0.66,1.870000005,199.2353058
5/14/2022 21:00,47.28878784,38.72491837,0.63,1.870000005,197.3461914
5/15/2022 9:00,58.20677567,35.8747673,0.61,1.870000005,199.7357788
5/15/2022 21:00,83.50738525,41.86300659,0.59,1.870000005,198.9570465
5/16/2022 21:00,75.6940918,26.36269569,0.55,1.870000005,199.7978516
5/17/2022 9:00,77.88623047,23.42655945,0.66,1.870000005,198.6744843
5/17/2022 21:00,81.06621552,25.71091652,0.63,1.870000005,200.4658356
5/18/2022 9:00,76.92644501,22.35281181,0.43,1.870000005,195.8743744
5/18/2022 21:00,77.88573456,18.96981621,0.47,1.870000005,198.1354523
5/19/2022 9:00,77.82753754,26.44259071,0.45,1.870000005,198.6209717
5/19/2022 21:00,76.00942993,17.43733788,1.57,1.870000005,197.5540924
5/20/2022 9:00,124.2848434,27.25105858,0.53,1.870000005,198.735672
5/20/2022 21:00,123.0748978,20.33578873,0.43,1.870000005,198.3146973
5/21/2022 9:00,121.8610611,23.19159126,0.49,1.870000005,196.5355377
5/21/2022 21:00,125.7017822,22.26895142,0.23,1.870000005,198.5224304
5/22/2022 9:00,123.7925644,26.9177475,0.37,1.870000005,195.9430542
5/22/2022 21:00,125.9697189,21.23636627,0.35,1.870000005,195.4498596
5/23/2022 9:00,124.0110321,25.29607582,0.42,1.870000005,196.9869843
5/24/2022 9:00,107.2477264,26.08815575,0.39,1.870000005,198.642807
5/24/2022 21:00,12.74465656,16,0.41,1.870000005,198.0780182
5/25/2022 9:00,133.6643829,23.70126534,0.5,1.870000005,195.9595337
5/25/2022 21:00,132.3943634,24,0.3,1.870000005,198.011734
5/26/2022 9:00,129.6830292,41.84196472,0.25,1.870000005,199.8634338
5/26/2022 21:00,129.656723,22.02207184,0.31,1.870000005,198.891037
5/27/2022 9:00,125.7600708,45.61148453,0.32,1.870000005,199.20578
5/27/2022 21:00,126.8759537,24.77810097,0.36,1.870000005,199.729599
5/28/2022 9:00,14.5012989,16.10906982,1.5,1.870000005,199.2424622
5/28/2022 21:00,15.42217064,16,2.4,1.870000005,199.1706238
5/29/2022 21:00,129.7575836,27.65314674,0.93,1.870000005,203.6385956
5/30/2022 9:00,129.8375092,22,0.97,1.870000005,195.2341003
5/30/2022 21:00,128.5500946,22,0.43,1.870000005,193.152359
5/31/2022 9:00,127.4745636,22,0.3,1.870000005,191.7615051
5/31/2022 21:00,126.4867096,22,0.32,1.870000005,196.7985687
6/1/2022 9:00,126.1220779,23.0749855,0.81,1.870000005,193.949646
6/1/2022 21:00,125.1544342,21,0.72,1.870000005,197.3178253
6/2/2022 9:00,125.0242844,21.15067673,0.78,1.870000005,195.8132782
6/2/2022 21:00,124.7892685,22.46869659,0.76,1.870000005,199.1657715
6/3/2022 9:00,124.0150375,25.04006195,0.67,1.870000005,199.5122833
6/3/2022 21:00,123.7614975,24.94942474,1.52,1.870000005,200.5305176
6/4/2022 9:00,124.1611099,28.45842552,1.59,1.870000005,200.4450226
6/4/2022 21:00,123.6458969,22.50611877,1.62,1.870000005,198.0592499
6/5/2022 9:00,123.1155243,25.09059525,0.33,1.870000005,197.7101135
6/5/2022 21:00,122.9864349,23.72660828,0.4,1.870000005,197.9083405
6/6/2022 9:00,121.9121323,36.38719177,0.74,1.870000005,199.3511505
6/7/2022 21:00,123.5006638,24,0.76,1.870000005,197.5744171
6/8/2022 9:00,122.7678146,25.70247841,0.57,1.870000005,193.1092682
6/8/2022 21:00,123.1928101,25.24871826,0.4,1.870000005,195.8435669
6/11/2022 22:00,120.1438599,45.08840561,0.74,1.870000005,199.6207123
6/12/2022 16:00,121.5677261,25.85589981,0.85,1.870000005,195.3012238
6/13/2022 9:00,121.0489655,19,0.79,0.902884305,200.0830994
6/13/2022 22:00,121.3334122,20.87248993,0.83,1.529273629,201.453598
6/14/2022 9:00,120.6824951,22.17782593,0.72,1.870000005,196.8757782
6/14/2022 21:00,120.7116165,20,0.78,1.870000005,196.6394806
6/15/2022 9:00,120.2346649,30.08400917,0.67,1.83733809,195.6529388
6/15/2022 21:00,117.3737335,43.38513947,0.63,3.526200533,192.9685364
6/16/2022 21:00,121.0014496,25.83311462,0.96,1.870000005,198.3623047
6/17/2022 21:00,119.5072784,24.69193077,0.41,1.870000005,196.6770782
6/18/2022 9:00,119.8084869,23.00947571,0.26,1.870000005,199.0603027
6/18/2022 21:00,119.4307785,26.32271194,0.25,1.870000005,197.4642639
6/19/2022 9:00,120.2710419,21.74982262,0.26,1.870000005,196.3740387
6/19/2022 21:00,0,16,0.3,1.870000005,199.3812103
6/20/2022 9:00,0,18.05453682,1.18,1.870000005,198.9384308
6/20/2022 21:00,1.603158832,17.9987011,2.6,1.870000005,198.5005188
6/21/2022 9:00,2.108037949,17,4.58,1.870000005,198.5
6/23/2022 21:00,143.120575,36.91017532,0.83,1.784841776,183.0404968
6/24/2022 9:00,141.9597321,27.84140015,0.46,1.794910431,196.5287781
6/25/2022 9:00,138.7481995,19.06578445,0.26,1.870000005,190.6000061
6/25/2022 21:00,139.6029205,19,0.28,1.870000005,191.4703369
6/26/2022 21:00,141.9882813,18.38632011,0.35,1.846599221,196.0786133
6/27/2022 9:00,141.1429443,21.84365273,0.27,1.861665487,197.7768097
6/27/2022 21:00,139.6363983,21.60935593,0.33,1.870000005,198.6141052
6/28/2022 9:00,139.4778137,22.90492249,0.35,1.870000005,198.3144531
6/28/2022 21:00,137.1399994,23.35361862,0.33,1.870000005,198.2861633
6/29/2022 9:00,138.3532867,22.00218391,0.4,1.870000005,197.7606201
6/29/2022 21:00,137.3216248,23.95524406,0.47,1.870000005,197.9463959
6/30/2022 9:00,137.7829285,24.13298225,0.79,1.870000005,197.9385223
6/30/2022 21:00,138.2231598,20.4596405,0.6,0.720917165,193.4670258
7/1/2022 9:00,136.96521,25.12680244,0.54,1.870000005,199.0634003
7/1/2022 21:00,138.154129,31.8082428,0.49,1.870000005,189.1079254
7/2/2022 9:00,136.5736084,23,0.38,1.870000005,197.0993347
7/2/2022 21:00,135.8478699,25.11903,0.6,1.870000005,197.7585297
7/3/2022 9:00,133.7701569,27.07146835,0.7,1.870000005,198
7/4/2022 9:00,136.1237183,24.74674988,0.17,1.870000005,198.0890808
7/5/2022 9:00,135.9338531,25.84917831,0.3,1.870000005,198.4278259
7/5/2022 21:00,135.676712,25.02056313,0.25,1.870000005,198.4903412
7/6/2022 9:00,140.8912048,24.46958733,0.4,1.870000005,198.6722717
7/6/2022 21:00,134.2731323,24.60086441,0.32,1.870000005,198.9169464
7/7/2022 9:00,133.4482574,23.58014488,0.56,1.870000005,201.4039764
7/7/2022 21:00,134.4936676,24.73985481,0.37,1.870000005,197.5144043
7/8/2022 21:00,116.3793182,20.12181473,0.41,0,175.7573547
7/9/2022 9:00,117.4087448,19,0.87,1.870000005,189.1652527
7/9/2022 21:00,117.6769333,19,0.55,1.870000005,196.7678833
7/10/2022 9:00,116.6814346,19,0.57,1.757957578,196.7374268
7/10/2022 21:00,116.0758362,20.34368134,0.16,1.799999952,193.5508881
7/11/2022 9:00,115.2594528,22.06423187,0.48,1.799999952,194.661377
7/11/2022 21:00,115.806427,22.9321785,0.6,1.799999952,197.4549408
7/12/2022 9:00,116.5651932,23,0.9,1.799999952,198.5856323
7/12/2022 21:00,116.9170074,23,0.94,1.799999952,200.9599152
7/13/2022 9:00,118.7899094,22.0015316,0.22,1.799999952,198.7151489
7/13/2022 21:00,117.184288,22,0.31,1.799999952,200.329071
7/14/2022 9:00,117.5862122,36.10346985,0.36,1.799999952,198.824173
7/14/2022 21:00,116.3670425,22.01179314,0.34,1.799999952,198.9210663
7/15/2022 9:00,116.7387543,23,0.2,1.799999952,198.6465302
7/15/2022 21:00,117.4778366,23,0.28,1.799999952,198.433548
7/16/2022 21:00,118.6330185,22.50024986,0.29,1.864266515,198.7934265
7/17/2022 9:00,117.5551758,21.10931396,0.22,2.078445181,198.274826
7/17/2022 21:00,119.4449387,27.05357933,0.39,1.870000005,198.8343201
7/28/2022 9:00,116.1949081,25.07369423,0.33,1.870000005,199.1324158
7/28/2022 21:00,116.2769241,25.21387672,0.45,1.870000005,199.162796
7/29/2022 9:00,116.3231049,23.32691956,0.47,1.870000005,196.7626648
7/29/2022 21:00,115.7683334,28.24722672,0.49,1.870000005,196.6206665
7/30/2022 9:00,116.0912018,22.72489738,0.42,1.870000005,197.6957703
7/30/2022 21:00,115.9595566,24.34833336,0.63,1.870000005,199.6325836
7/31/2022 9:00,115.7450867,23.88147736,0.4,1.870000005,199.2097778
7/31/2022 21:00,116.4129181,22.53361702,0.51,1.870000005,198.528595
8/1/2022 9:00,116.5940475,23.81485939,0.33,1.870000005,198.9476929
8/1/2022 21:00,117.8011169,27.16818428,0.54,1.870000005,198.0202484
8/2/2022 9:00,116.0550537,24.78203011,0.53,1.870000005,198.0692902
8/2/2022 21:00,116.7746201,25.31361771,0.6,1.870000005,197.1692657
8/3/2022 9:00,117.1186752,27.17738724,0.72,1.870000005,196.6823273
8/3/2022 21:00,115.5885925,23.55773735,0.87,1.870000005,198.8683319
8/4/2022 9:00,115.4996948,23.67997169,1.29,1.870000005,197.5414276
8/4/2022 21:00,115.7351608,24.04631615,0.96,1.870000005,198.4824982
8/5/2022 9:00,115.5702133,24.96191025,0.93,1.870000005,196.9640961
8/5/2022 21:00,115.5565643,24.00124931,0.85,1.870000005,197.7484589
8/8/2022 21:00,107.40345,40,0.89,1.870000005,197.6345367
8/9/2022 9:00,109.8299332,20,0.9,0.921494424,198.9496765
8/24/2022 21:00,109.7594147,18,0.13,1.781307578,164.1399994
8/25/2022 9:00,111.3154221,18.39810944,0.17,1.794569969,193.6815948
8/25/2022 23:00,113.5011292,18.98353958,0.33,1.870000005,192.8026123
8/26/2022 9:00,114.7486649,21.43711662,0.37,1.870000005,199.3204956
8/27/2022 2:00,110.3383789,33.47803497,0.53,1.870000005,196.3219452
9/1/2022 21:00,111.7097855,24,0.72,1.870000005,197.7861938
9/2/2022 9:00,112.4641647,24.92777634,0.93,1.870000005,197.6850433
9/3/2022 9:00,111.0123825,20.6926403,0.44,1.784413934,187.0835724
9/3/2022 21:00,111.9154129,33.76625061,0.34,1.870000005,195.4216156
9/4/2022 9:00,110.0389481,37.04735947,0.41,1.870000005,197.6771545
9/4/2022 21:00,114.8173599,19.78138924,0.21,1.870000005,198.609848
9/5/2022 9:00,84.67114258,17.56629944,0.26,1.291567683,197.3805695
9/6/2022 9:00,111.2122421,19,0.37,1.870000005,198.741806
9/6/2022 21:00,108.5186462,19,0.38,1.870000005,197.873764
9/7/2022 9:00,106.202095,19.94332123,0.41,1.870000005,198.1240997
9/7/2022 21:00,110.6386566,22.69718361,0.26,1.870000005,198.2537994
9/8/2022 9:00,108.8367462,24.63420105,0.3,1.801433325,198.4597015
9/11/2022 21:00,110.1424255,19,0.31,1.870000005,154.808197
9/12/2022 9:00,108.5386353,20.85333252,0.42,1.870000005,194.4015656
9/12/2022 21:00,108.1480789,22.32053947,0.39,1.870000005,195.6033936
9/13/2022 21:00,109.0161285,23.47838783,0.41,1.870000005,199.6308441
9/14/2022 9:00,108.5248947,23,0.39,1.479753256,197.3292847
9/14/2022 21:00,109.5869751,22.69157028,0.42,1.670519352,198.4337311
9/15/2022 9:00,111.2867813,19.73750877,0.48,1.789999962,199.8099976
9/15/2022 21:00,111.0204086,19,0.38,1.789999962,196.849823
9/16/2022 20:30,,,0.35,0,
9/17/2022 9:00,110.2348709,21.31167221,0.35,1.325321078,190.9961395
9/17/2022 21:00,110.0214767,24.18291855,0.38,1.83313632,199.624115
9/18/2022 9:00,111.3397217,19.38428307,0.45,1.870000005,197.0783386
9/21/2022 9:00,112.9930954,11.94347191,0.5,1.870000005,197.7077026
9/21/2022 21:00,112.9848404,16.05280495,0.58,1.870000005,197.6988068
9/22/2022 9:00,109.535675,35.60930634,0.55,1.870000005,198.0496368
9/22/2022 21:00,11.86457062,9.314189911,0.68,1.870000005,197.2236786
9/23/2022 9:00,118.5552521,24,0.67,1.870000005,198.3805847
9/23/2022 21:00,119.0437164,19.26936531,0.57,1.870000005,197.769516
9/24/2022 9:00,118.8649597,15.74843216,0.37,1.870000005,197.6791992
9/24/2022 21:00,119.2959137,16,0.31,1.870000005,199.77034
9/25/2022 9:00,119.7816696,15.89450169,0.48,1.870000005,197.7868958
9/25/2022 21:00,118.9232941,17.43110466,0.47,1.870000005,198.0970917
9/26/2022 9:00,119.1847916,24.68500519,0.5,1.870000005,197.9498444
9/26/2022 21:00,114.9447556,39.903759,0.4,1.870000005,197.8000031
9/27/2022 9:00,118.5771027,37.86798477,0.51,1.870000005,197.6933289
9/27/2022 21:00,122.518425,18.25180435,0.53,1.870000005,198.0224457
9/28/2022 9:00,124.3101654,18.9283371,0.49,1.870000005,197.0619812
9/28/2022 21:00,123.6427917,21.37256432,0.6,1.870000005,196.0149536
9/29/2022 9:00,124.5815735,18.9967804,0.68,1.870000005,197.9824677
9/29/2022 21:00,124.2656174,18,0.65,1.870000005,197.0641022
9/30/2022 9:00,124.0796432,17,0.24,1.870000005,198.3555908
9/30/2022 21:00,122.9016571,17.65784073,0.73,1.870000005,198.5064392
10/1/2022 9:00,122.9110718,18.67463493,0.34,1.870000005,198.951828
10/1/2022 21:00,122.9442978,18,0.87,1.870000005,197.065033
10/2/2022 9:00,122.6042328,18.35599709,0.26,1.870000005,198.2926178
10/2/2022 21:00,123.5149384,18.87900543,0.57,1.870000005,198.3940735
10/3/2022 9:00,123.3570099,18,0.62,1.870000005,197.9768524
10/3/2022 21:00,123.5535889,25.79986572,0.67,1.870000005,199.0887299
10/4/2022 9:00,124.0529099,17.02932549,0.26,1.870000005,198.2589417
10/4/2022 21:00,123.897316,18.38641739,0.65,1.870000005,196.3236389
10/5/2022 9:00,124.1919708,22,0.28,1.870000005,197.5952148
10/5/2022 21:00,124.6473007,19,0.57,1.870000005,197.0209351
10/6/2022 9:00,124.6433487,19.51282501,0.3,1.870000005,198.0842896
10/6/2022 21:00,123.6513367,20,0.49,1.870000005,197.5943756
10/7/2022 9:00,121.7915115,19.07452774,0.38,1.870000005,197.4652557
10/7/2022 21:00,121.7208786,35.01981735,0.4,1.870000005,198.1412964
10/8/2022 9:00,122.0753708,25.24458313,0.35,1.870000005,199.579422
10/8/2022 21:00,119.4706497,45.67215729,0.43,1.870000005,197.5725708
10/9/2022 9:00,117.7655106,31.7080822,0.99,1.870000005,199.5059052
10/9/2022 21:00,112.8018646,44.78984833,1.06,1.870000005,199.2814484
10/10/2022 9:00,22.40469933,10.54861641,1.46,1.870000005,199.8518219
10/10/2022 21:00,16.46223259,11,1.82,1.870000005,197.338913
10/11/2022 9:00,22.66058922,11.8701067,1.5,1.870000005,198.9893951
10/11/2022 21:00,30.87794113,17.53222275,1.11,1.870000005,197.4397583
10/12/2022 9:00,21.24266815,12.00001049,1.24,1.870000005,199.7459869
10/12/2022 21:00,19.83696175,13.09418011,1.24,1.870000005,198.9789276
10/13/2022 9:00,117.7118378,35.69606018,1.43,1.870000005,198.4860382
10/13/2022 21:00,120.0118866,21.50069618,0.48,1.870000005,198.1354828
10/14/2022 21:00,115.1683044,46.26638794,0.51,1.870000005,196.6321564
10/15/2022 9:00,122.6663132,17.87797928,0.39,1.870000005,197.6379395
10/15/2022 21:00,121.4806671,21.05330276,0.49,1.870000005,194.0577087
10/16/2022 9:00,123.2532425,16.23303223,0.47,1.870000005,196.8572388
10/16/2022 21:00,124.18396,18.88040924,0.42,1.870000005,198.8785248
10/17/2022 21:00,124.2877808,18,0.3,1.870000005,194.2602997
10/18/2022 9:00,124.0874863,18.29060555,0.38,1.870000005,197.0717773
10/18/2022 21:00,123.5887299,17.11091995,0.32,1.870000005,197.6084137
10/19/2022 9:00,122.2189331,36.22210693,0.38,1.870000005,197.6676636
10/19/2022 21:00,14.90552139,13,0.39,1.870000005,199.2021637
10/20/2022 9:00,21.23759842,13.99782181,1.57,1.870000005,199.4849548
10/20/2022 21:00,15.29022217,12,1.59,1.870000005,199.4486084
10/21/2022 9:00,22.78313828,11,0.85,1.870000005,200.0451813
10/21/2022 21:00,17.02928734,11.36133099,0.92,1.870000005,198.0778656
10/22/2022 9:00,16.20453644,11.96860981,0.87,1.870000005,199.7567749
10/22/2022 21:00,16.40864944,11,1.72,1.870000005,199.8868561
10/23/2022 9:00,16.15122986,11.33870888,0.88,1.870000005,199.5599823
10/23/2022 21:00,127.3894196,15.17989445,1.77,1.870000005,194.7885895
10/24/2022 9:00,126.4821396,15.79038906,0.94,1.870000005,198.0271606
10/24/2022 21:00,122.0743027,38.03722382,0.98,1.870000005,197.2499695
10/25/2022 9:00,124.6255112,14,0.77,1.870000005,196.6638947
10/25/2022 21:00,124.5631714,16.65186691,0.8,1.870000005,194.8952179
10/26/2022 21:00,123.9708328,16.99223328,0.85,1.870000005,197.8002167
10/27/2022 21:00,123.1073837,18.31941605,1,1.870000005,198.2417297
10/28/2022 21:00,122.84478,18.78952217,0.9,1.870000005,198.0447388
10/29/2022 21:00,122.6164474,18,0.66,1.870000005,197.4212494
10/30/2022 21:00,115.429306,28.59907913,0.88,1.870000005,198.6220856
10/31/2022 21:00,118.5785522,18,0.62,1.870000005,197.8955231
11/1/2022 21:00,120.9863129,18.46444511,0.54,1.870000005,198.2719421
11/2/2022 21:00,121.3427658,25.96958351,0.54,1.870000005,197.788208
11/5/2022 21:00,121.8463593,22.72500038,0.36,1.85504806,184.2168732
11/6/2022 9:00,122.5095444,23.54347229,0.52,1.865101218,193.1009216
11/6/2022 21:00,120.9622955,24.89367485,0.39,1.870000005,192.0899048
11/7/2022 9:00,121.3174591,27.59883881,0.35,1.870000005,193.0046692
11/12/2022 9:00,126.0727005,13,0.18,1.797739267,192.4682617
11/12/2022 21:00,126.12883,13,0.26,1.807752728,190.5274963
11/13/2022 9:00,126.6410599,13,0.19,1.806108952,192.7595673
11/13/2022 21:00,125.929512,14,0.47,1.801091909,193.158844
11/14/2022 9:00,126.3814468,15,0.26,1.796077609,194.116333
11/14/2022 21:00,125.9697189,15.98152733,0.39,2.280752421,195.8348236
11/15/2022 21:00,125.8860245,19.05055618,0.44,1.800155401,194.2500916
11/16/2022 9:00,127.2649384,13.49319458,0.28,1.850350618,195.7684326
11/16/2022 21:00,127.2084808,17.08222198,0.66,1.870000005,197.8968964
11/17/2022 9:00,127.8742065,15,0.58,1.870000005,198.4277496
11/17/2022 21:00,125.9951706,15,0.87,1.870000005,196.60466
11/18/2022 9:00,126.1903458,16.02138901,0.33,1.870000005,198.0350494
11/18/2022 21:00,124.8625107,16.00911522,0.69,1.870000005,197.2260895
11/19/2022 9:00,125.1209717,17,0.45,1.870000005,198.6596832
11/19/2022 21:00,123.9682999,16.64104843,0.97,1.870000005,197.2488403
11/20/2022 9:00,124.2777023,17.90486145,0.66,1.870000005,198.9861603
11/20/2022 21:00,123.3073959,16.91430473,0.71,1.870000005,198.1840363
11/21/2022 9:00,122.537941,36.37862396,0.57,1.793387771,198.0011292
11/21/2022 21:00,118.0911636,44.0569458,0.79,1.798400879,196.8419037
11/22/2022 9:00,122.6546173,19.49569511,0.28,1.799999952,199.0621643
11/22/2022 21:00,122.920372,17.00305557,0.75,1.799999952,198.2360687
11/23/2022 9:00,123.6118546,17.99388885,0.39,1.834427714,197.6043396
11/23/2022 21:00,122.0675659,16.71194458,0.87,1.563978314,192.881897
11/24/2022 11:00,121.9934006,16,0.35,1.857941389,199.4137421
11/24/2022 21:00,121.7677612,16,0.85,1.869987249,196.5149689
11/25/2022 9:00,120.8443146,27.66597176,0.76,1.870000005,197.1588745
11/25/2022 21:00,122.5137329,13.9720459,0.66,1.837049603,200.3473358
11/26/2022 9:00,122.1016159,16.55361176,0.68,1.868243217,194.3264465
11/26/2022 21:00,122.1567383,13.01833344,0.32,1.870000005,198.0071564
11/27/2022 9:00,123.0430145,15.05805588,0.46,1.870000005,198.6334229
11/27/2022 21:00,122.0466461,17,0.41,1.870000005,198.852951
11/28/2022 9:00,121.7919617,17.20472145,0.27,1.870000005,199.2034454
11/28/2022 21:00,121.6639481,17.02012634,0.42,1.870000005,198.9657745
11/29/2022 9:00,121.4413452,17,0.31,1.870000005,198.2253418
11/29/2022 21:00,121.497757,15.40910339,0.39,1.870000005,200.2877808
11/30/2022 9:00,121.9786224,17.17236137,0.29,1.870000005,201.0954437
11/30/2022 21:00,121.4249802,15,0.29,1.840750813,192.3638916
12/1/2022 9:00,122.5248871,16,0.38,1.862255335,196.1558838
12/1/2022 21:00,122.0875397,16.03652763,0.65,1.799999952,193.8570557
12/2/2022 9:00,122.6025238,15.59888935,0.63,3.350191593,191.7938843
12/2/2022 21:00,120.8712692,15,0.38,3.663220644,197.5683441
12/3/2022 9:00,165.6188049,16.51666641,0.64,2.185392052,197.6968842
12/3/2022 21:00,118.0236664,14.01222229,0.34,3.611900568,195.2306824
12/4/2022 9:00,118.9605179,16,0.52,3.637202859,198.7350006
12/4/2022 21:00,117.9017105,16.99250031,0.35,3.659999967,198.0885468
12/5/2022 9:00,118.8358231,18,0.6,3.659999967,198.6523743
12/5/2022 21:00,118.4024658,17,0.43,3.659671664,197.8862762
12/6/2022 9:00,118.7290497,17.27041626,0.54,3.649611235,199.1629944
12/6/2022 21:00,118.207962,17,0.39,3.640451908,198.4589844
12/7/2022 9:00,117.377594,16.00305557,0.4,3.650453925,198.0693207
12/7/2022 21:00,117.9535751,16.01222229,0.54,3.660573125,194.3063354
12/8/2022 9:00,117.6829834,16.00611115,0.5,3.231600643,192.682663
12/9/2022 9:00,117.853363,15.9570837,0.53,3.372052431,197.1136475
12/9/2022 21:00,117.9362488,17,0.62,3.567784906,196.9233246
12/10/2022 9:00,117.9765778,18,0.45,3.64684546,196.9760132
12/10/2022 21:00,118.4018097,15.00611115,0.46,3.604975462,201.4486542
12/11/2022 9:00,117.5033875,24.20541573,0.74,3.669999957,195.0033264
12/11/2022 21:00,118.1017227,16.82777786,0.59,3.665637612,197.0340271
12/12/2022 9:00,118.0291977,18,0.83,3.650575518,196.9173279
12/12/2022 21:00,117.8210678,18,0.63,3.655488253,197.6886444
12/13/2022 9:00,117.5665817,15.05500031,0.67,3.566048742,189.0399933
12/13/2022 21:00,116.7875443,17.00611115,0.62,3.611287713,191.9486694
12/14/2022 9:00,117.5477371,17.99083328,0.69,3.651476383,198.3699799
12/14/2022 21:00,118.9659348,17,0.68,3.661498904,196.5203705
12/15/2022 9:00,119.5241776,14.97555542,0.51,3.667255997,198.0087128
12/15/2022 21:00,118.2403412,16.99694443,0.53,3.649180174,198.40065
12/16/2022 9:00,116.8761978,18,0.61,3.66760385,197.4413147
12/16/2022 21:00,116.8491135,16.7481308,0.44,3.662600279,197.8307037
12/17/2022 9:00,117.6103592,16.02444458,0.53,3.647139311,197.6763153
12/17/2022 21:00,118.5126648,18,0.63,3.631418824,197.8753357
12/18/2022 9:00,118.5052795,17.00305557,0.57,3.621387482,196.7610016
12/18/2022 21:00,117.844635,17,0.83,3.632931233,195.4716797
12/19/2022 9:00,118.6707001,18,0.58,3.647937894,198.1253204
12/19/2022 21:00,118.4619904,18,0.95,3.658689856,199.6446533
12/20/2022 9:00,118.632988,17.00004959,0.83,3.668746233,196.6089935
12/20/2022 21:00,117.8730087,18,0.83,3.665602803,196.3556976
12/21/2022 9:00,118.5309601,16,0.72,3.660584569,196.0636749
12/21/2022 21:00,117.7667007,15,1,3.660023451,197.2713165
12/22/2022 9:00,116.3148117,16.95722198,0.59,3.660024047,196.8049622
12/22/2022 21:00,114.0253296,17.37906647,0.77,3.634905338,199.1163177
12/23/2022 9:00,114.5168152,18,1.12,3.6437397,198.219574
12/23/2022 21:00,114.3910446,17.58819389,0.8,3.648754954,197.2291412
12/24/2022 9:00,114.7283859,17.82762718,0.89,3.642459035,197.1833344
12/24/2022 21:00,114.7092896,18.69742393,0.85,3.632427692,199.6536255
12/25/2022 9:00,115.2608719,18.01654053,0.81,3.626197219,197.8105469
12/25/2022 21:00,116.408844,18,1.01,3.621180296,197.8930511
12/26/2022 9:00,115.9634933,17.01176834,0.57,3.615597486,195.4004059
12/26/2022 21:00,116.0541458,17.01465225,0.57,3.610015511,196.8330078
12/27/2022 9:00,115.9023514,17,0.63,3.603185892,197.665451
12/27/2022 21:00,115.4644623,18,0.61,3.608206749,197.2742157
12/28/2022 9:00,115.5163727,19.01222229,0.75,3.610055208,198.1673126
12/28/2022 21:00,115.3054352,19,0.76,3.61007762,197.4918976
12/29/2022 9:00,115.5268326,19,0.78,3.595499635,198.3066864
12/29/2022 21:00,115.7920837,19,0.72,3.582985044,198.7748566
12/30/2022 9:00,115.548851,19,0.7,3.589999914,198.5052338
12/30/2022 21:00,115.8051224,18,1.16,3.58556962,197.5921936
12/31/2022 9:00,114.9246597,19,1.09,3.580487132,196.7806854
12/31/2022 21:00,112.7673035,18.85856056,0.87,3.584545851,197.3851929